<?xml version="1.0" encoding="utf-8"?>
	<modification>
	<name>phpner_filter</name>
	<code>phpner_filter</code>
	<version>1.0.0</version>
	<author>phpner</author>
	<link>http://gogle.com</link>
	<file path="catalog/view/theme/*/template/product/category.tpl">
    <operation error="skip">
      <search><![CDATA[<div class="container">]]></search>
      <add position="after"><![CDATA[
      <div id="oct-filter-tag"></div>
           <div class="form-group input-group input-group-sm input-limit-div">
                  <select id="input-limit" onchange="location = this.value;">
                    <?php foreach ($limits as $limits) { ?>
                    <?php if ($limits['value'] == $limit) { ?>
                    <option value="<?php echo $limits['href']; ?>" selected="selected"><?php echo $limits['text']; ?></option>
                    <?php } else { ?>
                    <option value="<?php echo $limits['href']; ?>"><?php echo $limits['text']; ?></option>
                    <?php } ?>
                    <?php } ?>
                  </select>
                </div>
                <div class="text-left left-sort-row">
                  <div class="form-group input-group input-group-sm input-sort-div">
                    <label class="input-group-addon" for="input-sort"><?php echo $text_sort; ?></label>
                    <select id="input-sort" onchange="location = this.value;">
                      <?php foreach ($sorts as $sorts) { ?>
                      <?php if ($sorts['value'] == $sort . '-' . $order) { ?>
                      <option value="<?php echo $sorts['href']; ?>" selected="selected"><?php echo $sorts['text']; ?></option>
                      <?php } else { ?>
                      <option value="<?php echo $sorts['href']; ?>"><?php echo $sorts['text']; ?></option>
                      <?php } ?>
                      <?php } ?>
                    </select>
                    <div class="clearfix"></div>
                  </div>
                  <div class="form-group input-group input-group-sm input-limit-div">
                    <select id="input-limit" onchange="location = this.value;">
                      <?php foreach ($limits as $limits) { ?>
                      <?php if ($limits['value'] == $limit) { ?>
                      <option value="<?php echo $limits['href']; ?>" selected="selected"><?php echo $limits['text']; ?></option>
                      <?php } else { ?>
                      <option value="<?php echo $limits['href']; ?>"><?php echo $limits['text']; ?></option>
                      <?php } ?>
                      <?php } ?>
                    </select>
            	  </div>
        </div>
      ]]></add>
    </operation>
  </file>	
</modification>
